8001;Joseph Owen;04/03/2003;05:43:31;Eurosys;worn hold;9;IGNORE
8002;Sharon Lucas;11/09/2014;16:25:17;Yappa;;6;CLOSED
8003;Misty Burnett;19/03/2014;14:26:34;ACA-IT;show what boon in came they rabbit;7;IGNORE
8004;Clifford Puckett;20/10/2000;07:34:51;Cegeka;it's shepherd probably;4;IGNORE
8005;Alexis Lester;11/07/2012;07:25:02;Mobistart;hat is sacrifice it or;0;IN PROGRESS
8006;Dylan Freeman;27/08/2006;09:48:51;T-Network;monster library out with badly;7;CLOSED
8007;Russ Ferguson;02/01/2006;22:57:15;T-Network;in;10;IN PROGRESS
8008;Amy Larson;29/04/2003;22:09:13;Proximus;man;1;OPEN
8009;Julia Henson;11/08/2005;18:10:43;Eurosys;until enter something;8;IGNORE
8010;George Dalton;18/07/2001;11:35:17;Proximus;lots;4;IN PROGRESS
8011;Clarence Oliver;01/12/2004;09:23:19;Eurosys;web ship;10;OPEN
8012;Mandy Conley;15/12/2006;19:00:44;Telenet;do wicket it;9;OPEN
8013;Stephanie McGee;04/07/2000;16:32:14;Telenet;end visions came world;10;CLOSED
8014;Brandi Finch;15/01/2001;15:41:42;T-Network;came others show captain open so;0;IGNORE
8015;Heather Whitaker;11/09/2006;04:31:46;Mobistart;ball probably to monster took demanded;4;IN PROGRESS
8016;Martha Saunders;18/11/2006;08:38:10;Telenet;headphones light or many in;6;CLOSED
8017;Tyrone Mullins;13/05/2003;02:04:10;T-Network;handled worn had generated ill;5;CLOSED
8018;Ricky Benjamin;01/07/2003;18:39:45;XCOMM;end through sidekick my;8;OPEN
8019;Julia Haynes;13/07/2016;19:23:12;Mobistart;find sidekick ending or on lost;8;IGNORE
8020;Valerie Gallegos;06/04/2015;13:37:53;Cegeka;to automatically trying;6;CLOSED
8021;Michelle Mathews;11/11/2001;20:54:46;T-Network;red keys enter;6;IGNORE
8022;Erika Watson;05/08/2016;10:53:53;Yappa;is so ill;8;CLOSED
8023;Eddie Barker;13/07/2011;05:08:56;Telenet;;1;IN PROGRESS
8024;Heath McBride;28/10/2009;12:16:54;Eurosys;interest probably;4;OPEN
8025;Gerald Fowler;14/05/2006;06:55:28;Proximus;;7;CLOSED
8026;Becky Carver;18/05/2010;16:22:37;XCOMM;of took light asked show of where;1;OPEN
8027;Sharon Houston;29/10/2010;06:29:48;Mobistart;asked in;0;OPEN
8028;William Boyer;17/07/2016;17:47:21;Eurosys;;5;IGNORE
8029;Cheryl Bright;19/10/2008;07:44:20;Eurosys;light want who people wrong;0;IGNORE
8030;Jan Bartlett;23/06/2007;06:54:10;Telenet;are boon ends to;4;IGNORE
8031;Amy Johns;28/08/2002;15:38:44;T-Network;web what banging in;0;OPEN
8032;Kaylee Livingston;24/02/2003;11:00:26;T-Network;room;5;IN PROGRESS
8033;Heidi Waters;21/10/2003;12:38:30;Eurosys;moved open out assert;6;CLOSED
8034;Terry Ayala;08/10/2005;16:19:48;XCOMM;do sacrifice;0;OPEN
8035;Penny Dejesus;16/08/2009;03:25:25;ACA-IT;are with;1;IGNORE
8036;Matt Black;07/01/2000;01:43:40;XCOMM;man days hatch room moved;5;CLOSED
8037;Darrell Ashley;12/08/2010;02:12:17;T-Network;headphones leader are;10;CLOSED
8038;Ken Estes;09/06/2007;19:56:16;Cegeka;to throw on;0;OPEN
8039;John Brennan;04/03/2015;00:46:07;Telenet;do it's banging cold boon in they;3;IGNORE
8040;Molly Clements;16/02/2016;08:51:52;Yappa;;3;CLOSED
8041;Benjamin Marsh;03/02/2002;20:35:24;Cegeka;my they;10;OPEN
8042;Cynthia Greene;11/06/2002;17:02:42;Mobistart;ill when to;7;IGNORE
8043;Allen Stone;26/01/2009;10:08:10;Eurosys;what rescue;8;CLOSED
8044;Marty Griffin;03/06/2013;08:12:22;Telenet;came banging demanded ball wrong have;0;IGNORE
8045;Kristin Herman;22/04/2002;13:32:59;Cegeka;trees hot sacrifice;1;IN PROGRESS
8046;Jack Rivas;27/04/2015;17:48:22;Telenet;in sidekick what sits;0;CLOSED
8047;Mike Goodwin;12/05/2010;00:33:01;Telenet;words this sidekick ends;10;CLOSED
8048;Rose Potter;24/12/2010;14:48:20;XCOMM;lock do to is lost;9;OPEN
8049;Johnny Burgess;24/11/2009;13:09:20;Mobistart;;3;OPEN
8050;Sharon Franco;30/04/2001;16:53:55;Eurosys;worn had sits have with;6;IN PROGRESS
8051;Willie Burns;12/05/2000;22:55:30;PXL;while to write;10;IGNORE
8052;Jan Snyder;05/04/2012;12:02:45;Cegeka;should speed pique cold island leader;2;IN PROGRESS
8053;Brady Johnson;27/01/2001;08:20:53;Cegeka;television hatch;4;OPEN
8054;Tessa Rogers;12/09/2007;13:59:35;ACA-IT;;3;CLOSED
8055;Jonathan Melton;03/12/2008;01:59:01;PXL;;4;CLOSED
8056;Rusty Bright;16/10/2002;23:55:04;ACA-IT;will came to smoke automatically;0;OPEN
8057;Clarence Conrad;16/12/2015;21:54:01;PXL;asked in it trying;6;IN PROGRESS
8058;Diane Adkins;27/11/2012;01:43:24;PXL;island;5;OPEN
8059;Joann Key;16/10/2001;06:15:29;Telenet;code interest;7;CLOSED
8060;Alex Morris;25/02/2006;05:54:01;ACA-IT;wicket;2;OPEN
8061;Elaine Roberts;12/04/2016;17:55:44;ACA-IT;until;9;OPEN
8062;Josh Foreman;07/11/2012;22:27:51;T-Network;;0;CLOSED
8063;Tina Love;06/09/2015;13:33:33;Mobistart;magnetic lost demanded computer have;3;OPEN
8064;Baby Fox;12/11/2001;19:54:09;Proximus;;6;IN PROGRESS
8065;Alicia Cantrell;05/10/2011;15:52:31;Yappa;ghost worn much of my something;5;OPEN
8066;Leslie Cunningham;27/06/2001;21:06:43;Proximus;to ends end magnetic asked;4;CLOSED
8067;Kristy Jensen;10/02/2005;01:02:44;Eurosys;hat trees crash through words;4;OPEN
8068;Amy Matthews;12/02/2004;22:49:01;T-Network;;5;IGNORE
8069;Kylie Barker;22/10/2015;01:47:29;Mobistart;;2;OPEN
8070;Linda Santiago;03/05/2000;19:38:09;Cegeka;will;10;IGNORE
8071;Douglas Cervantes;10/08/2005;18:24:07;T-Network;rabbit wicket list sacrifice;2;OPEN
8072;Destiny Herrera;01/11/2000;09:17:56;T-Network;to sidekick waited automatically in demanded;0;OPEN
8073;Kenneth Merritt;29/09/2002;16:38:17;ACA-IT;;9;IN PROGRESS
8074;Colton Berger;06/03/2004;02:05:06;Mobistart;while are we of do it ghost;1;IN PROGRESS
8075;Jay Pace;20/11/2010;08:55:23;PXL;generated about;10;IN PROGRESS
8076;Ralph Carr;18/01/2008;09:59:24;ACA-IT;automatically on;8;OPEN
8077;Arthur Jacobs;18/10/2004;13:50:11;Proximus;monster shepherd constantly automatically open waited;2;OPEN
8078;Brandi Pittman;11/12/2014;00:22:07;Mobistart;world on found probably;6;CLOSED
8079;Ellen Banks;21/04/2011;09:41:45;PXL;waited will;1;OPEN
8080;Lacey Donovan;10/04/2016;05:55:35;ACA-IT;it something window dreams;5;OPEN
8081;Frank Nicholson;23/12/2015;18:34:36;Mobistart;lost handled where hatch trees;6;CLOSED
8082;Ruth Vega;05/02/2013;05:08:38;T-Network;television through pull on it;7;CLOSED
8083;Gail Morin;22/12/2006;09:27:54;Proximus;to suspense smoke;10;OPEN
8084;Deborah Moore;16/09/2001;10:37:35;Eurosys;red until room room;7;IGNORE
8085;Craig Campos;07/02/2015;04:06:30;T-Network;sidekick shepherd from much else to;2;CLOSED
8086;Janice York;10/05/2016;22:56:25;Telenet;was waited keys do warp;10;OPEN
8087;Eddie McLaughlin;27/07/2011;22:22:19;XCOMM;much they red out visions island;5;IGNORE
8088;Christian Barrera;15/05/2007;13:30:28;Mobistart;when to wrong pull through this discovered;1;OPEN
8089;Lindsay Osborn;01/06/2004;21:53:24;T-Network;of lots else in;4;OPEN
8090;Brandy Kirkland;23/09/2002;23:30:06;Telenet;from;7;IN PROGRESS
8091;Russ Roth;04/08/2004;17:07:13;XCOMM;world automatically something pull;6;IGNORE
8092;Morgan Glenn;01/09/2013;20:22:41;Eurosys;captain with smoke white ship or maybe;0;IGNORE
8093;Randi West;24/05/2001;05:58:17;XCOMM;build crash came to sits;5;IGNORE
8094;Hope Frazier;15/05/2016;01:33:24;PXL;;2;OPEN
8095;Rick Marks;03/02/2011;07:57:03;Proximus;;1;OPEN
8096;Joey Dunlap;08/10/2009;09:02:55;Eurosys;;8;IGNORE
8097;George Brady;03/05/2001;23:33:30;Cegeka;what do probably;2;CLOSED
8098;Devin Weber;25/11/2006;01:09:38;ACA-IT;visions to boon came;2;IGNORE
8099;Thomas Aguilar;19/10/2008;20:58:19;Mobistart;probably rescue with captain;5;CLOSED
8100;Cheyenne Barrett;28/05/2009;04:07:03;Proximus;hid want moved who while badly who;10;IGNORE
8101;Rusty Hodges;12/06/2014;06:24:14;XCOMM;;6;IN PROGRESS
8102;Donald Larsen;18/11/2015;09:31:43;Mobistart;;0;CLOSED
8103;Melanie Figueroa;20/09/2010;20:32:07;Proximus;room or;9;IN PROGRESS
8104;Annette Trujillo;19/08/2014;04:23:41;Eurosys;discovered secretly enter we constantly plane;10;IN PROGRESS
8105;Thomas Bell;13/01/2009;00:26:54;Eurosys;much keys came island worn where;2;IN PROGRESS
8106;Audrey Diaz;18/07/2009;23:10:23;XCOMM;do code it ill when;5;CLOSED
8107;Shanda Stewart;19/05/2002;01:49:40;Yappa;much caves code;1;IGNORE
8108;Sally Coffey;30/07/2002;05:07:10;XCOMM;ill what came what the rabbit;9;IGNORE
8109;Amber Kent;10/12/2000;19:13:56;Telenet;handled captain hatch with white fire want;9;IGNORE
8110;Brianna Hoover;25/05/2007;21:19:14;T-Network;waited room to;8;CLOSED
8111;Wesley Knapp;04/09/2002;07:34:48;Mobistart;numbers something;0;CLOSED
8112;Nathan Roman;15/10/2016;18:18:53;Telenet;demanded;1;IGNORE
8113;Kim Perry;01/01/2000;16:08:35;T-Network;moved they no;9;OPEN
8114;Allen Parker;06/05/2010;04:07:41;Yappa;of end room;5;IGNORE
8115;Seth Livingston;17/09/2016;14:58:13;ACA-IT;had light;8;IGNORE
8116;Mother Dennis;05/04/2009;01:50:09;Proximus;;4;IN PROGRESS
8117;Tia Castillo;10/01/2006;10:26:57;Yappa;words to headphones hot;1;IGNORE
8118;Marcus Figueroa;26/03/2002;16:59:49;Proximus;as sits;1;OPEN
8119;Derek McGowan;09/11/2007;05:51:58;T-Network;in;5;IN PROGRESS
8120;Rusty French;28/04/2000;13:50:46;Eurosys;;10;OPEN
8121;Jane McGuire;29/08/2003;10:20:36;Eurosys;dad man this;8;IN PROGRESS
8122;Carol Gillespie;13/07/2006;08:02:58;Eurosys;open no came to;10;OPEN
8123;Maria Maxwell;19/10/2001;05:37:12;Telenet;;3;OPEN
8124;Mark Britt;05/01/2009;22:26:55;Mobistart;man caves;1;IN PROGRESS
8125;Jordan Alvarez;22/12/2012;09:20:31;Mobistart;wrong banging to hid many much died;0;IGNORE
8126;Thelma Sharpe;07/07/2008;08:07:56;XCOMM;many;7;CLOSED
8127;Madison Sosa;11/01/2015;03:48:55;ACA-IT;will;9;IGNORE
8128;Kendra Wheeler;23/05/2000;13:39:22;T-Network;;2;IN PROGRESS
8129;Loretta Doyle;21/01/2009;11:14:09;XCOMM;;3;CLOSED
8130;Ron Hebert;17/01/2008;10:26:44;Eurosys;red;0;OPEN
8131;Stephanie Rocha;28/11/2012;11:56:58;Eurosys;discovered so;9;IN PROGRESS
8132;Helen Anderson;05/12/2010;17:08:40;ACA-IT;came died web of rescue died;10;CLOSED
8133;Ernest Rivas;07/11/2000;00:04:55;XCOMM;hat list hatch rabbit write trees words;2;OPEN
8134;Kimberly Irwin;07/07/2014;02:38:54;Mobistart;came books worn sits want;9;IGNORE
8135;Isaac Hess;15/11/2007;10:40:43;Eurosys;asked asked lock computer library rabbit;8;OPEN
8136;Clayton Romero;18/11/2003;23:57:21;Yappa;;4;CLOSED
8137;Rose Fischer;31/12/2006;00:14:49;ACA-IT;they out sidekick write with of secretly;6;IGNORE
8138;Debra Flynn;06/12/2001;02:06:56;Cegeka;until handled on;6;CLOSED
8139;Lindsey Warner;12/06/2002;00:04:51;Proximus;;3;IN PROGRESS
8140;Ray Crosby;22/06/2003;18:52:45;Eurosys;sofa probably rescue took;5;IGNORE
8141;Ed Montgomery;16/05/2009;02:02:25;Telenet;;7;CLOSED
8142;Kayla Dawson;25/10/2009;14:22:46;Eurosys;out;0;CLOSED
8143;Matt Castaneda;04/02/2005;13:02:17;Mobistart;hot keys;9;CLOSED
8144;Herbert McDaniel;25/09/2015;01:47:31;Mobistart;;5;IN PROGRESS
8145;Rhonda Blevins;02/10/2010;19:37:02;T-Network;automatically ghost world my;8;OPEN
8146;John Ewing;10/03/2002;22:30:47;Telenet;world captain people;6;IN PROGRESS
8147;Dallas Callahan;13/08/2000;01:33:47;Telenet;hat;5;CLOSED
8148;Charles Adkins;24/03/2000;14:20:38;T-Network;library want ghost room;3;IN PROGRESS
8149;Baby Vang;21/07/2003;04:52:32;Mobistart;have cold sill;9;IN PROGRESS
8150;Eddie Wilkins;08/06/2005;11:38:48;T-Network;code trying computer will assert;5;IN PROGRESS
8151;Donna Matthews;22/11/2012;22:51:02;Yappa;it found are when found ill;3;OPEN
8152;Tamara Peterson;18/12/2002;00:29:30;Mobistart;died with caves;9;OPEN
8153;Fred Ortega;01/09/2001;15:54:29;Eurosys;hold a plane shepherd have much;0;OPEN
8154;Whitney Roberson;06/05/2000;20:57:58;XCOMM;assert;6;IN PROGRESS
8155;Joshua Miles;14/12/2013;13:00:04;XCOMM;;8;IN PROGRESS
8156;Dustin Dillard;10/04/2007;04:17:42;ACA-IT;light boon island list;1;IGNORE
8157;Amy Norman;20/04/2012;10:20:23;T-Network;no crash in headphones of;4;IN PROGRESS
8158;Annette Marshall;18/04/2001;07:34:04;PXL;headphones;7;IN PROGRESS
8159;Shanna Gonzalez;15/02/2003;18:00:16;PXL;ball waited;5;OPEN
8160;Beth Castaneda;16/12/2015;15:06:14;T-Network;;5;IGNORE
8161;Kyle Waters;16/01/2014;02:34:27;Telenet;list trees keys came;8;IN PROGRESS
8162;Melissa Banks;01/11/2009;02:25:47;Yappa;ends speed computer;7;IGNORE
8163;Jeffery Mayer;16/10/2009;00:13:25;T-Network;probably headphones find ball to ending;6;IGNORE
8164;Jon Garrison;17/07/2001;20:54:32;Eurosys;I cold;4;IN PROGRESS
8165;Bethany Berry;28/01/2012;22:37:56;ACA-IT;sill captain do lots;9;CLOSED
8166;Brandi England;05/05/2009;23:40:58;Yappa;end captain is it of this is;8;IGNORE
8167;Christoph Gamble;25/04/2008;22:19:09;ACA-IT;of dreams red visions;1;CLOSED
8168;Mark Le;22/12/2013;15:24:03;Eurosys;constantly web found;5;IN PROGRESS
8169;Dana Craig;19/04/2000;23:57:47;Telenet;do;4;IGNORE
8170;Christine Chavez;23/04/2003;03:17:01;Eurosys;magnetic;9;IGNORE
8171;Shelly Noble;09/03/2012;12:08:58;Yappa;about else died hold discovered days;9;OPEN
8172;Myron Lee;29/09/2011;23:44:16;Proximus;it;7;IN PROGRESS
8173;Dalton Holden;31/07/2014;13:13:50;Yappa;is ends hatch words assert will smoke;7;OPEN
8174;Sheila Sexton;11/11/2015;07:08:58;Mobistart;something is;2;CLOSED
8175;Lynn Hogan;11/04/2007;04:37:16;XCOMM;dreams through dreams came asked;0;OPEN
8176;Aaron Hopper;10/09/2008;13:02:46;Mobistart;;4;IGNORE
8177;Jacob Tyson;27/08/2000;17:49:51;Cegeka;lost much;8;IN PROGRESS
8178;Sheila Hester;19/10/2006;00:08:09;T-Network;are room;7;IGNORE
8179;Scott Colon;30/06/2011;21:40:09;Proximus;warp captain crash hold is of where;5;IN PROGRESS
8180;Douglas Pena;01/01/2013;18:45:29;XCOMM;or maybe enter to island;8;OPEN
8181;Ruth McConnell;24/01/2005;05:31:57;Telenet;magnetic throw sidekick my my hold;0;OPEN
8182;Nicole Holcomb;03/09/2016;05:13:11;PXL;about trying rescue trying;0;CLOSED
8183;Kristen Newman;08/06/2014;17:53:29;XCOMM;we in waited as came;9;CLOSED
8184;Wesley Randall;31/10/2012;12:33:35;PXL;suspense interest or maybe wicket;5;IN PROGRESS
8185;Carrie Willis;14/07/2013;14:49:04;ACA-IT;good white they many light sill assert;10;CLOSED
8186;Rick Norton;02/07/2005;12:06:27;Telenet;;5;CLOSED
8187;Chad Fry;12/03/2010;07:43:03;XCOMM;about visions text hatch came many;4;IGNORE
8188;Sheila Velez;07/07/2012;02:49:54;T-Network;of to text sidekick of headphones;8;IGNORE
8189;Dean Newman;05/01/2007;14:04:45;Proximus;waited keys people computer;3;IN PROGRESS
8190;Glenn Holder;10/12/2010;03:57:29;Eurosys;until list island;4;IGNORE
8191;Dixie Shaffer;22/05/2016;17:52:56;Proximus;as hot assert is the;0;OPEN
8192;Leroy Briggs;21/03/2016;20:10:44;Proximus;came;6;CLOSED
8193;Fred Lowe;14/07/2005;10:44:50;ACA-IT;ending many always banging;5;IN PROGRESS
8194;Billy Jenkins;12/09/2009;11:11:38;XCOMM;magnetic died;6;CLOSED
8195;Crystal Combs;15/06/2003;08:26:59;Yappa;in trees light;2;CLOSED
8196;Alexandra Benson;24/10/2005;00:14:04;Cegeka;something ship boon in have I ends;3;CLOSED
8197;Paul Crosby;03/02/2016;09:38:32;Mobistart;island probably list code sill sofa;10;CLOSED
8198;Tom Fry;27/04/2009;10:57:34;Telenet;took warp headphones out we end;2;IGNORE
8199;Christoph Davis;15/06/2004;05:23:19;Yappa;smoke are about trees;6;IN PROGRESS
8200;Marilyn Randall;24/09/2004;06:06:08;Cegeka;text probably what open pull we lock;9;CLOSED
8201;Kevin Quinn;29/12/2007;07:59:15;Mobistart;others;3;IGNORE
8202;Sherri Chan;27/02/2008;16:46:24;Yappa;handled show to do;8;CLOSED
8203;Wayne Sharpe;22/06/2011;01:35:33;Mobistart;always;4;OPEN
8204;Marsha Buck;05/04/2000;12:46:25;T-Network;rabbit show computer with days plane;3;CLOSED
8205;Alicia Huff;31/08/2005;06:46:44;Yappa;days generated pique I;8;OPEN
8206;Jody Gay;14/06/2002;05:18:09;PXL;assert to ball television wrong;5;IN PROGRESS
8207;Donna Fletcher;26/05/2000;12:53:05;Eurosys;want shepherd;9;CLOSED
8208;Shaun Rodriquez;26/04/2013;04:05:41;Mobistart;;10;OPEN
8209;Katherine McClure;25/06/2016;22:53:58;Cegeka;they;6;OPEN
8210;Dallas Knapp;01/03/2005;07:19:51;Eurosys;to of;9;CLOSED
8211;Katrina Ochoa;26/01/2004;02:25:54;XCOMM;;6;CLOSED
8212;Lois Mason;31/08/2015;20:20:39;Mobistart;;3;IGNORE
8213;Pam Schneider;31/10/2007;20:39:44;Eurosys;;4;IN PROGRESS
8214;Samantha Holland;22/03/2015;13:37:24;Telenet;hold;0;OPEN
8215;Billie Cross;20/05/2015;10:21:41;Proximus;;4;IGNORE
8216;Christine Edwards;07/05/2008;06:21:59;XCOMM;will words words ill island lost;2;IN PROGRESS
8217;Johnathan Roach;10/02/2013;19:20:07;Yappa;waited days are;0;OPEN
8218;Denise Perkins;13/06/2011;17:16:15;Cegeka;automatically is much out with;6;IN PROGRESS
8219;Adam Vang;21/07/2012;15:30:47;PXL;;10;IGNORE
8220;Thelma Stevens;19/02/2000;08:45:00;XCOMM;is will was sidekick waited magnetic magnetic;2;CLOSED
8221;Hannah Beard;11/06/2004;22:14:32;Yappa;caves or until;4;CLOSED
8222;Candy Frye;31/08/2003;08:36:17;XCOMM;;7;IN PROGRESS
8223;Lois Paul;06/12/2013;20:01:38;Yappa;man;6;IGNORE
8224;Jake Cline;23/04/2010;10:37:15;PXL;ill died;7;CLOSED
8225;Jenny Castaneda;28/11/2003;13:50:50;Yappa;many island of hot end;10;IN PROGRESS
8226;Courtney Caldwell;24/05/2003;03:58:31;XCOMM;is;4;IGNORE
8227;Rachael Rogers;12/05/2012;01:37:28;Mobistart;wicket while are or discovered;9;OPEN
8228;William Wise;09/01/2001;18:01:44;Proximus;no;7;CLOSED
8229;Kevin Navarro;07/01/2004;15:29:02;Telenet;about came discovered came sofa what;6;IGNORE
8230;Dennis Caldwell;16/04/2011;00:05:51;Telenet;out waited;10;OPEN
8231;Carla Barry;17/06/2006;04:44:36;ACA-IT;to hat have magnetic;2;CLOSED
8232;Jessie Henson;11/03/2009;07:15:11;Cegeka;badly dad interest library throw warp;6;OPEN
8233;Shelly Burton;18/05/2016;02:45:13;Proximus;plane with dad crash assert;2;IN PROGRESS
8234;Mother Cooley;13/02/2016;16:32:41;XCOMM;was;10;CLOSED
8235;Drew Hammond;20/08/2012;13:50:01;ACA-IT;throw interest speed crash;1;CLOSED
8236;Austin Pierce;17/04/2012;07:38:48;Eurosys;cold wicket captain monster;4;IGNORE
8237;Tamara Hodge;25/04/2007;07:59:48;Eurosys;;0;IN PROGRESS
8238;Katrina Gould;12/12/2003;18:56:15;Cegeka;automatically dreams find;7;IGNORE
8239;Peggy Sharpe;26/02/2010;22:45:33;Telenet;do white ill so text;10;IN PROGRESS
8240;Fred Potter;22/05/2006;03:13:49;Telenet;room while lock;9;IGNORE
8241;Annette Stephens;05/04/2011;21:15:38;Eurosys;;0;OPEN
8242;Drew Crawford;07/09/2005;10:52:40;T-Network;numbers in;8;IN PROGRESS
8243;Ronald Whitaker;05/11/2012;04:18:31;Proximus;;10;IGNORE
8244;Diana Lott;28/03/2007;07:24:12;ACA-IT;lock ship through text discovered through;0;IGNORE
8245;Judy Yates;11/06/2007;03:43:05;Yappa;trees;7;CLOSED
8246;Albert Dodson;09/12/2000;22:22:23;T-Network;ends in with as magnetic what;7;IGNORE
8247;Carla Cummings;15/01/2008;12:04:59;XCOMM;in caves had with smoke of;0;OPEN
8248;Tia Kelley;25/02/2007;23:57:41;T-Network;ill;2;IN PROGRESS
8249;Chester Donaldson;12/08/2013;15:16:29;XCOMM;;8;CLOSED
8250;Jim Kinney;27/04/2009;07:47:22;Yappa;list fire;1;OPEN
8251;Levi Simon;06/09/2001;14:55:36;Eurosys;red do through;7;CLOSED
8252;Gene Hull;10/06/2007;02:17:58;Telenet;magnetic wrong is web build smoke;5;CLOSED
8253;Sharon Newton;22/09/2013;14:43:07;Telenet;cold suspense about;8;CLOSED
8254;Megan Foster;03/08/2014;13:33:04;Telenet;it dreams island write cold;10;IGNORE
8255;Drew Avila;12/04/2005;10:11:14;ACA-IT;code;5;CLOSED
8256;Victoria Meyers;31/05/2004;02:50:09;Proximus;where;9;IN PROGRESS
8257;Dallas Crane;15/11/2008;15:55:29;Proximus;so cold days it a;6;CLOSED
8258;Doris Hampton;20/09/2007;13:39:14;PXL;was;6;IGNORE
8259;Molly Scott;09/03/2002;19:29:50;Proximus;days moved leader ship are;7;OPEN
8260;Michael Pearson;05/07/2012;02:13:23;Eurosys;in;3;OPEN
8261;Mike Valdez;18/11/2006;19:10:41;Yappa;days to end hid hid from;7;OPEN
8262;Harold Sargent;25/02/2009;09:36:38;ACA-IT;else it sofa came boon of;10;OPEN
8263;Heath Jacobson;02/08/2006;03:24:52;Yappa;came to handled ghost else out;0;IGNORE
8264;Randi Gilmore;09/05/2013;06:17:38;Proximus;on;10;OPEN
8265;Martha Baird;07/01/2005;12:46:00;XCOMM;;6;CLOSED
8266;Dustin Dillon;29/09/2007;04:07:03;Cegeka;in came;10;IN PROGRESS
8267;Ronald Pope;18/08/2006;12:42:32;PXL;find;6;CLOSED
8268;Sher Knox;11/12/2008;23:59:01;Telenet;of until;3;IGNORE
8269;Courtney Petty;03/09/2014;02:31:46;Yappa;what had something pique what;10;IN PROGRESS
8270;Tasha Callahan;10/08/2008;20:49:53;Mobistart;lost should is automatically;2;OPEN
8271;Jon Flores;07/05/2011;20:44:00;Proximus;hot the computer handled of who;6;CLOSED
8272;Chester Sykes;29/08/2002;18:20:08;Yappa;else light trying;2;IGNORE
8273;Tia Odom;26/11/2003;12:37:06;Mobistart;room ghost good is is ship;4;OPEN
8274;Steven Wilder;01/05/2016;17:35:01;Cegeka;wrong lots it always;4;IN PROGRESS
8275;Blake Duke;20/02/2004;19:45:48;T-Network;probably hatch ball rescue monster so;1;CLOSED
8276;Corey Sullivan;13/06/2016;09:04:21;Eurosys;automatically it magnetic much do;7;CLOSED
8277;Howard Holloway;30/08/2013;20:03:28;XCOMM;sill rescue;5;IGNORE
8278;Charlene Roth;24/02/2012;03:43:15;Eurosys;library through rescue show;2;IGNORE
8279;Stanley Griffin;28/11/2001;00:05:19;Telenet;sits they;5;CLOSED
8280;Donna Ramos;16/07/2006;00:17:50;Yappa;came sill while suspense to;3;CLOSED
8281;Drew King;31/08/2000;21:53:58;PXL;are they;10;IGNORE
8282;Darren Reynolds;14/11/2011;21:45:27;T-Network;have;7;IGNORE
8283;Melanie Drake;17/01/2015;16:44:50;Telenet;sidekick find they;7;IGNORE
8284;Jordan Snyder;05/06/2010;19:44:12;Proximus;probably man end do open;8;IN PROGRESS
8285;Katelyn Cohen;28/04/2003;17:10:45;T-Network;generated island smoke out will hot while;10;OPEN
8286;Olivia Jenkins;26/10/2004;22:23:30;T-Network;books out island many;9;OPEN
8287;Stanley Delacruz;15/10/2000;04:47:00;ACA-IT;wicket;10;CLOSED
8288;Carolyn Osborn;01/11/2013;10:15:53;PXL;words it's in is on trees ship;1;CLOSED
8289;Sally Hayden;03/12/2003;09:21:35;Telenet;with find much;2;IGNORE
8290;Katie Baldwin;21/12/2000;04:23:37;Yappa;found the of is discovered magnetic fire;4;CLOSED
8291;Bob Lowery;10/08/2016;05:32:16;Proximus;asked;1;IN PROGRESS
8292;Lance Carr;11/12/2002;07:51:38;XCOMM;a to sill shepherd people;1;CLOSED
8293;Rachael Nielsen;11/04/2001;06:44:02;XCOMM;until;4;CLOSED
8294;Betty McLeod;30/09/2012;22:12:45;Mobistart;hat are television;9;OPEN
8295;Jody House;11/10/2005;12:10:27;Cegeka;who pique what world sacrifice where sidekick;3;IGNORE
8296;Tasha Bruce;25/04/2005;16:10:21;Yappa;had asked to have;9;OPEN
8297;Logan Cox;28/12/2011;11:15:55;Eurosys;;6;IN PROGRESS
8298;Marcus Roth;07/01/2000;02:05:49;Yappa;shepherd;4;IGNORE
8299;Cheyenne Rutledge;01/03/2006;23:59:17;PXL;trying;7;OPEN
8300;Lindsay Hinton;15/12/2014;18:17:01;Proximus;computer are ends plane monster took to;9;IGNORE
8301;Haley Summers;22/08/2002;06:28:02;Telenet;found sidekick to took;7;CLOSED
8302;Rhonda Morin;25/12/2002;23:47:54;Eurosys;no people end text or maybe came;5;IGNORE
8303;Tim Clayton;05/10/2008;10:29:31;Telenet;;2;CLOSED
8304;Heath Wade;26/05/2003;16:53:24;Mobistart;to what enter of my write;6;OPEN
8305;Molly Logan;12/12/2003;08:16:02;T-Network;end wicket ship was numbers hat lock;9;IN PROGRESS
8306;Nicholas Herman;23/06/2007;13:43:25;PXL;white assert ends ends;9;OPEN
8307;Doris Palmer;31/12/2002;09:29:29;ACA-IT;warp others are lots end sofa;0;IN PROGRESS
8308;Jill Holland;08/12/2015;12:31:30;Yappa;when rabbit probably;8;CLOSED
8309;Kelly Bird;03/09/2001;06:21:08;Proximus;out a it to;1;IN PROGRESS
8310;Drew Bradley;22/11/2016;22:46:07;Mobistart;good when;10;IGNORE
8311;Rhonda Dunn;16/08/2002;02:03:49;Mobistart;text;5;IN PROGRESS
8312;Nancy Nunez;08/04/2011;16:42:26;T-Network;;7;OPEN
8313;Pete Gibbs;21/02/2012;19:08:24;Yappa;warp cold rescue found where is;0;IN PROGRESS
8314;Casey Terrell;02/06/2011;08:25:16;PXL;else hot red will;5;CLOSED
8315;Shirley Soto;31/08/2005;06:33:57;XCOMM;will was my shepherd are;4;IN PROGRESS
8316;Baby Duncan;04/09/2007;08:15:05;Cegeka;suspense television probably probably red found;2;CLOSED
8317;Joann Hanson;08/11/2005;11:53:49;ACA-IT;room no out others;8;IGNORE
8318;Jacob Waller;23/12/2014;22:44:31;Yappa;waited;10;OPEN
8319;Crystal Buckner;16/03/2002;17:02:14;Cegeka;list they island I;4;CLOSED
8320;Deborah Johnston;24/03/2002;22:15:05;ACA-IT;visions hold no;0;IN PROGRESS
8321;Dillon Walters;08/09/2009;03:26:49;Mobistart;it is;5;CLOSED
8322;Denise Hayden;24/07/2010;16:29:24;Cegeka;found with while always it computer wicket;3;OPEN
8323;Jay Kinney;25/04/2005;16:57:55;Yappa;;8;IN PROGRESS
8324;Elaine Silva;07/07/2003;11:37:38;ACA-IT;television is is find died to;4;IGNORE
8325;Dillon Hickman;30/10/2013;14:47:50;PXL;where;5;IN PROGRESS
8326;Christian Wilson;07/10/2012;05:38:45;PXL;what computer;1;IGNORE
8327;Edward House;10/08/2008;06:32:36;Mobistart;open with or write;10;OPEN
8328;Evelyn Rush;01/11/2006;06:20:50;Telenet;generated good lock;9;IGNORE
8329;Rusty Parker;04/08/2011;08:49:53;XCOMM;red from or they;5;OPEN
8330;Ronnie Whitley;11/03/2005;04:31:06;Cegeka;on enter hid sits sidekick lots show;7;IGNORE
8331;Levi McClure;26/04/2005;05:22:40;T-Network;will always caves;4;IGNORE
8332;Laura George;13/11/2008;16:00:35;Yappa;wrong as lots asked;6;IGNORE
8333;Carrie Sampson;01/02/2009;01:35:02;ACA-IT;so so days;8;IN PROGRESS
8334;Rebecca Gregory;18/07/2005;14:31:29;XCOMM;we write with it;0;IGNORE
8335;Laura Logan;26/06/2006;02:13:56;ACA-IT;took good speed it much find;0;IGNORE
8336;Pat Munoz;04/12/2005;23:01:44;Telenet;trying text;6;OPEN
8337;Timothy Conley;26/04/2007;08:23:30;Mobistart;;9;IGNORE
8338;Earl Wilcox;22/07/2007;12:03:07;PXL;;2;CLOSED
8339;Jade McKnight;21/04/2007;17:05:18;Telenet;I;10;IN PROGRESS
8340;Clint Newman;29/10/2001;20:03:12;PXL;had build do;7;OPEN
8341;Regina Forbes;25/10/2012;19:37:04;T-Network;should;4;CLOSED
8342;Jake Woodard;01/07/2002;01:09:35;Cegeka;sits want my many they;8;CLOSED
8343;Annette Wells;26/02/2005;22:14:40;Eurosys;dad where out in television asked man;9;IGNORE
8344;Danny Torres;06/09/2012;23:09:54;Telenet;handled always magnetic interest;6;IN PROGRESS
8345;Barbara Benton;22/09/2006;20:48:27;Yappa;sill moved demanded room;2;IGNORE
8346;Eugene Pate;10/05/2014;00:50:46;XCOMM;sits keys was;0;IGNORE
8347;Cody Yang;10/09/2016;06:47:53;Yappa;asked library ball it speed on;4;IGNORE
8348;Tina Trevino;06/09/2010;13:38:16;PXL;light many was island automatically sill of;0;IGNORE
8349;Gina Weaver;19/11/2010;19:40:39;Mobistart;hold generated to;6;CLOSED
8350;Courtney Moore;26/11/2002;19:34:40;PXL;it monster my list plane to;5;CLOSED
8351;Melissa Galloway;23/07/2002;16:54:56;PXL;lock;0;CLOSED
8352;Austin Webster;17/06/2002;20:45:41;PXL;lock library came;5;IN PROGRESS
8353;Antonio Ferrell;16/06/2002;05:15:27;Yappa;while pique visions died to had;3;IN PROGRESS
8354;Randy Pierce;30/08/2005;10:26:05;T-Network;of else of list;3;CLOSED
8355;Sheila Wilder;07/12/2005;18:21:48;XCOMM;;10;CLOSED
8356;Ronald Tyson;29/09/2011;17:04:57;ACA-IT;good open hid;5;IGNORE
8357;Sharon Walton;03/07/2000;06:16:19;Telenet;;5;OPEN
8358;Thelma Arnold;18/06/2016;21:46:30;Yappa;dad monster sits ill;1;IGNORE
8359;Shawna Bright;29/11/2009;18:15:36;Cegeka;;2;IGNORE
8360;Lawrence Maldonado;02/06/2001;23:56:27;Cegeka;leader;2;CLOSED
8361;Robin Britt;05/03/2006;22:59:50;Eurosys;with;7;CLOSED
8362;Keith Manning;21/08/2014;14:21:35;Cegeka;in should lots;9;CLOSED
8363;Wesley Warren;27/03/2000;08:42:28;XCOMM;demanded monster assert visions ship was are;7;OPEN
8364;Jeffery Leonard;07/02/2016;18:39:49;Telenet;or maybe smoke constantly want trying;5;CLOSED
8365;Cheyenne Raymond;07/06/2009;20:15:08;Eurosys;suspense took;2;IGNORE
8366;Amy Torres;06/03/2010;15:13:08;Cegeka;are took of lost;8;OPEN
8367;Joshua Whitfield;14/11/2009;07:34:44;XCOMM;constantly automatically man assert lock it this;0;OPEN
8368;Roxanne Kaufman;03/07/2015;17:25:11;Proximus;warp ghost what computer web captain will;2;IGNORE
8369;Beverly Faulkner;26/11/2008;14:22:18;Proximus;;2;CLOSED
8370;Stephanie Murphy;09/05/2003;10:33:05;PXL;sacrifice to;1;OPEN
8371;Erin Gross;18/01/2012;15:51:03;ACA-IT;dreams text my when hat something;10;IN PROGRESS
8372;Josh King;28/07/2003;06:31:44;Proximus;with came to magnetic;1;OPEN
8373;Logan Estes;30/01/2010;22:21:55;Proximus;;5;CLOSED
8374;Brad Spence;19/07/2005;11:24:06;Eurosys;text plane warp;1;IN PROGRESS
8375;Sarah Joyner;22/11/2015;23:30:33;Proximus;to sacrifice ball ship man;7;IN PROGRESS
8376;Annette Hernandez;20/06/2001;10:10:17;ACA-IT;I web;2;CLOSED
8377;Matt Fischer;23/12/2011;21:39:51;T-Network;in took want people in moved lots;7;IN PROGRESS
8378;Norma Richmond;01/09/2002;12:39:08;Eurosys;;8;CLOSED
8379;Kristina Acosta;19/02/2003;06:55:19;ACA-IT;to;0;OPEN
8380;Angela Velasquez;16/08/2003;01:41:48;XCOMM;so always web secretly find;2;IGNORE
8381;Charlie Barr;05/06/2013;05:06:34;XCOMM;probably world visions in it's ball;2;IN PROGRESS
8382;Derrick Bradshaw;16/08/2003;19:55:20;Cegeka;visions;0;IGNORE
8383;Joyce Crosby;06/06/2008;09:38:12;Cegeka;will captain red people badly enter to;6;OPEN
8384;Robin Strickland;12/10/2001;18:58:58;XCOMM;or was to to suspense;8;CLOSED
8385;Tabitha Hicks;16/04/2011;09:47:29;XCOMM;leader is;0;IGNORE
8386;Kathleen Nunez;21/12/2009;00:03:06;Eurosys;warp pull;7;IGNORE
8387;Charles Bauer;27/04/2014;03:48:52;Proximus;who in out sidekick was rescue hid;0;IGNORE
8388;Tracey Snow;12/12/2011;10:17:01;Eurosys;;10;IGNORE
8389;Kaitlyn Stuart;17/09/2000;21:19:28;Proximus;cold good;5;CLOSED
8390;Herbert Watson;08/08/2013;08:16:25;PXL;they something;5;CLOSED
8391;Carl Hayes;25/07/2002;21:48:40;Eurosys;visions white is;3;OPEN
8392;Dave Atkins;27/12/2002;12:16:44;Mobistart;or books handled something in of;4;OPEN
8393;Kendra Compton;28/06/2008;17:55:35;Mobistart;it ends on red we;3;IGNORE
8394;Sandy Padilla;11/12/2015;00:13:38;T-Network;they computer ending ball;4;OPEN
8395;Alicia Rose;18/10/2010;09:25:44;Proximus;assert sill ball show hatch;6;IGNORE
8396;David Rodgers;27/04/2015;14:32:12;T-Network;white came hold to to;3;OPEN
8397;Jared Duke;10/04/2012;09:53:06;T-Network;enter to dreams;7;IGNORE
8398;Casey Davenport;28/03/2000;08:22:35;Eurosys;until generated;6;IGNORE
8399;Dan Knapp;28/06/2005;20:42:58;PXL;generated while;8;IGNORE
8400;Kyle Ramirez;02/12/2009;01:56:48;ACA-IT;they ship write it list so red;2;IGNORE
8401;Destiny Larsen;27/03/2000;03:46:18;ACA-IT;ending until in;6;IGNORE
8402;Corey Robbins;27/02/2000;10:38:21;Proximus;;0;CLOSED
8403;Mitchell Harper;21/08/2016;20:27:09;Yappa;write lots lost generated trying to caves;3;OPEN
8404;Helen Pugh;24/12/2012;01:17:03;PXL;will it's what;5;IN PROGRESS
8405;Hunter Francis;15/10/2010;15:29:03;Eurosys;speed ball as died ship so to;2;IGNORE
8406;Anthony Myers;05/11/2007;19:49:23;Eurosys;;3;IGNORE
8407;Sher Black;23/02/2002;22:22:18;Eurosys;I monster to;9;IGNORE
8408;Christine Massey;03/07/2009;19:27:36;Proximus;good this;3;IGNORE
8409;Paul Nielsen;12/02/2010;20:20:40;Cegeka;;4;OPEN
8410;Steve Barry;27/07/2003;14:00:19;Proximus;;7;IN PROGRESS
8411;Krista Eaton;20/10/2011;07:36:31;T-Network;asked write room while;2;CLOSED
8412;Ethan Aguirre;03/01/2010;13:44:15;ACA-IT;text it waited so words hid moved;5;IN PROGRESS
8413;Chad Brady;02/04/2002;13:36:49;XCOMM;asked something build in through world;6;CLOSED
8414;Gage Shepard;06/06/2007;17:44:13;Mobistart;;7;OPEN
8415;Mariah Chase;15/02/2010;22:43:02;Proximus;;4;IGNORE
8416;Rhonda Floyd;27/04/2013;16:44:42;Telenet;of the my show television;5;IGNORE
8417;Bryan Tucker;19/10/2002;22:48:15;PXL;;0;OPEN
8418;Tessa Mooney;02/11/2016;03:40:38;XCOMM;should man man caves a;9;IN PROGRESS
8419;Beverly Poole;26/09/2005;07:34:22;Yappa;ball television of it smoke plane others;10;CLOSED
8420;Trent McFadden;28/06/2007;16:31:59;Cegeka;what ending throw else;0;OPEN
8421;Cory Valencia;09/04/2007;05:21:06;T-Network;are ghost;3;IGNORE
8422;Lee Figueroa;08/08/2010;20:51:44;ACA-IT;they lost do will out to;1;IN PROGRESS
8423;George McPherson;16/03/2011;22:36:41;Proximus;is came from;7;IN PROGRESS
8424;Roger Harrington;24/01/2006;11:40:24;ACA-IT;island in died in have computer;8;IGNORE
8425;Erica Blake;05/05/2014;18:54:51;XCOMM;caves no;9;OPEN
8426;Pam Cantrell;02/02/2012;03:28:58;Mobistart;captain as ends speed ill are throw;7;CLOSED
8427;Linda Goff;21/10/2011;10:02:31;Proximus;;2;OPEN
8428;Kyle William;12/09/2012;15:12:42;ACA-IT;;0;IGNORE
8429;Tessa Figueroa;11/08/2003;13:44:05;Mobistart;;4;CLOSED
8430;Matt Wade;06/04/2004;19:44:39;T-Network;;3;IGNORE
8431;Cory Henderson;10/03/2014;17:47:56;Eurosys;in pique;10;OPEN
8432;Randi Meyer;17/06/2003;01:21:44;ACA-IT;end;10;IN PROGRESS
8433;Pamela Simpson;28/10/2004;07:47:47;ACA-IT;through;3;OPEN
8434;Marion Estes;26/07/2006;21:42:45;Mobistart;discovered open days leader computer;0;IGNORE
8435;Isaac Salinas;15/10/2008;04:48:12;PXL;as man throw;4;OPEN
8436;Nancy Shelton;04/12/2008;10:42:06;XCOMM;took;0;IGNORE
8437;Tabatha Bray;07/05/2001;14:51:22;Cegeka;have list;6;IGNORE
8438;April Adams;09/05/2006;08:16:52;Cegeka;where in show they from what;3;IN PROGRESS
8439;Jason Sparks;03/04/2001;10:00:19;Proximus;;2;IN PROGRESS
8440;Vicky Tyson;13/03/2014;20:02:44;Cegeka;in who ending;1;CLOSED
8441;Dalton McKenzie;21/01/2001;05:34:32;Proximus;should;0;IGNORE
8442;Madison Spears;27/03/2005;02:37:14;Proximus;show we ending generated;4;CLOSED
8443;Donnie Ratliff;03/03/2013;21:38:02;Yappa;hold shepherd days automatically;2;IN PROGRESS
8444;Jared Floyd;17/09/2002;11:10:41;Telenet;visions web through hot had are headphones;9;IN PROGRESS
8445;Dillon Lane;12/05/2006;22:51:40;Eurosys;;7;OPEN
8446;Phillip Howell;25/10/2014;09:14:11;Yappa;was visions boon web with came;1;CLOSED
8447;Tracie McKenzie;24/08/2003;21:35:15;PXL;headphones are ball hatch wicket keys;5;OPEN
8448;Marsha Robles;18/08/2015;12:29:32;T-Network;rabbit people light cold;10;IN PROGRESS
8449;Timmy Owens;03/06/2007;11:42:35;ACA-IT;generated island hold dreams to else is;1;CLOSED
8450;Anthony Warren;08/02/2014;02:27:02;Eurosys;in with when through;7;CLOSED
8451;Sherri Burks;07/08/2000;21:37:14;Yappa;write;0;CLOSED
8452;Julia Sloan;17/04/2010;10:01:01;Eurosys;died open television discovered ill;3;OPEN
8453;Kristin Chambers;29/11/2012;00:17:12;ACA-IT;much words no sits on it hat;3;IGNORE
8454;Charlie Fitzpatrick;04/05/2016;19:51:44;XCOMM;numbers books interest hat red sits;1;IN PROGRESS
8455;Abby Rice;31/12/2004;21:50:15;XCOMM;in headphones others world else came ill;7;IGNORE
8456;Madison Mullen;10/05/2005;01:55:34;Telenet;sidekick or to lots as;1;OPEN
8457;Martin Greene;21/07/2009;12:20:22;Mobistart;enter;1;CLOSED
8458;Jessica Cross;17/02/2008;06:10:01;Cegeka;trying should;7;IN PROGRESS
8459;Francis Dale;06/06/2001;06:20:58;Cegeka;had found in list speed with;5;IGNORE
8460;Rick Schultz;07/05/2003;16:32:07;Eurosys;build smoke automatically through;4;CLOSED
8461;Toni Holman;29/03/2005;20:53:17;ACA-IT;came was we others interest probably;9;OPEN
8462;David Boyd;24/04/2003;12:15:03;Eurosys;library have is always sacrifice island generated;1;IGNORE
8463;Joyce Meyers;27/02/2001;18:47:14;Cegeka;web;6;IGNORE
8464;Cassandra Mendez;21/12/2000;14:13:00;Yappa;throw trees find;2;IN PROGRESS
8465;Troy Atkins;09/07/2008;00:59:50;Cegeka;;6;IGNORE
8466;Haley Kelly;04/12/2000;15:34:24;PXL;;8;IGNORE
8467;Jesse Craft;05/06/2000;00:16:38;Eurosys;to what it's of assert secretly;10;CLOSED
8468;Lindsay Nichols;01/08/2000;06:08:57;Proximus;interest probably had list;4;OPEN
8469;Tabatha Hunter;05/07/2001;04:34:46;Proximus;television fire days worn probably while island;10;IGNORE
8470;Carol Hodges;23/09/2006;23:03:00;PXL;while something or;10;IGNORE
8471;Ernest Harris;06/06/2008;16:40:55;Telenet;who ship this rabbit to in;0;IN PROGRESS
8472;Mike Rush;16/01/2004;06:30:11;PXL;have;3;IN PROGRESS
8473;Natasha Hartman;04/11/2015;04:47:37;T-Network;;4;IN PROGRESS
8474;Rhonda Irwin;30/03/2011;04:24:09;Cegeka;computer discovered handled text when took;4;IGNORE
8475;Sandy Charles;01/05/2011;16:06:53;Proximus;end my sacrifice sacrifice;5;OPEN
8476;Matt Taylor;06/04/2009;12:38:19;Telenet;;4;OPEN
8477;Megan Fox;30/11/2015;22:29:44;Eurosys;are always;9;OPEN
8478;Nicholas Salas;25/10/2014;00:01:46;T-Network;rescue lock;8;IN PROGRESS
8479;Allison Peters;06/05/2016;01:05:36;Cegeka;others;8;OPEN
8480;Alicia Spence;01/10/2002;04:08:51;Cegeka;we;6;IN PROGRESS
8481;Travis Myers;18/09/2006;10:41:42;Mobistart;sofa plane web will the interest ill;2;OPEN
8482;Heidi Griffin;18/11/2010;20:03:13;Telenet;in island to;10;IN PROGRESS
8483;Bruce Diaz;24/09/2000;03:40:42;Telenet;sill pull of something;5;IN PROGRESS
8484;Joe Guy;13/02/2009;02:08:18;Eurosys;of or white;4;IGNORE
8485;Deborah Galloway;16/02/2008;02:53:28;T-Network;wrong island came days window the;1;OPEN
8486;Ashley House;31/08/2006;09:11:00;XCOMM;much man;7;IN PROGRESS
8487;Monica Cleveland;30/03/2003;04:12:53;PXL;trying ill ghost something until hid interest;2;CLOSED
8488;Ashley Cooley;16/04/2011;20:05:47;PXL;sacrifice captain it a monster where;5;IN PROGRESS
8489;Paige Hyde;26/12/2008;14:27:07;Proximus;secretly came show to;6;IN PROGRESS
8490;Angela Smith;23/03/2007;07:03:25;T-Network;books moved when hatch sill;0;IGNORE
8491;Sue Finley;05/07/2005;02:00:14;Mobistart;enter to in lost;7;IN PROGRESS
8492;Kaylee Perkins;07/06/2016;07:28:00;PXL;wrong with in others;2;CLOSED
8493;Wayne Bernard;16/04/2000;06:29:20;XCOMM;the hatch will had;5;IN PROGRESS
8494;Abigail Ross;01/11/2009;07:53:34;Mobistart;have have boon;9;IGNORE
8495;Anita Nolan;21/04/2012;22:15:49;Yappa;should;5;OPEN
8496;Debra Serrano;13/10/2008;01:59:23;Cegeka;about sits;6;OPEN
8497;Darrell Blankenship;08/03/2005;17:21:16;Yappa;hold I they;6;CLOSED
8498;Ann Mosley;10/03/2007;23:56:04;XCOMM;will crash came;1;IN PROGRESS
8499;Jeannie Lewis;24/07/2016;02:07:08;T-Network;in handled as;8;CLOSED
8500;Helen Green;13/09/2013;21:57:33;Telenet;as build we crash ghost hatch;3;CLOSED
